{
    "name": "Trigger_Scheduled_CDC_HANA_from_MI_to_Synapse01p",
    "properties": {
        "annotations": [],
        "runtimeState": "Started",
        "pipelines": [
            {
                "pipelineReference": {
                    "referenceName": "SAPR3_CDC_02P",
                    "type": "PipelineReference"
                }
            },
            {
                "pipelineReference": {
                    "referenceName": "Load DELIVERY_EVENTS",
                    "type": "PipelineReference"
                }
            },
            {
                "pipelineReference": {
                    "referenceName": "Controller_SAPR3_CDC_01P",
                    "type": "PipelineReference"
                }
            }
        ],
        "type": "ScheduleTrigger",
        "typeProperties": {
            "recurrence": {
                "frequency": "Hour",
                "interval": 3,
                "startTime": "2021-12-14T06:00:00Z",
                "timeZone": "UTC"
            }
        }
    }
}