{
    "now": "2023-09-25T13:30:49.418Z",
    "perfNow": 31413762.899999976,
    "diagnosticCorrelation": "e82c053f-e2f1-45d2-9fe3-92095376fa24",
    "source": "DownloadSupportFiles",
    "environment": {
        "productName": "a365",
        "buildVersion": "23.0906.08",
        "environmentType": 9,
        "resourceName": "ccuscsynapse01t",
        "resourceRegion": "centralus",
        "resourceGroup": "cc-usc-synapse-test-resourcegroup",
        "subscriptionId": "8036e4f6-6f12-4024-9afb-03d101dc63b0",
        "sessionId": "pWfNQ",
        "operationId": "Wuzuh",
        "gitType": "live",
        "loggingKey": false
    },
    "additionalInfo": {
        "selectedResource": "DATA_REPLICATION_PIPELINE_QA_LOGGING_RECON_PARENT",
        "selectedResourceType": "pipeline"
    }
}