{
    "name": "TR_Daily_DR_Orchestration",
    "properties": {
        "annotations": [],
        "runtimeState": "Started",
        "pipelines": [
            {
                "pipelineReference": {
                    "referenceName": "QA_Parent_Container_DAILY",
                    "type": "PipelineReference"
                }
            }
        ],
        "type": "ScheduleTrigger",
        "typeProperties": {
            "recurrence": {
                "frequency": "Day",
                "interval": 1,
                "startTime": "2023-04-03T13:55:00Z",
                "timeZone": "UTC",
                "schedule": {
                    "minutes": [
                        0
                    ],
                    "hours": [
                        21
                    ]
                }
            }
        }
    }
}