{
    "name": "ccuse2synapse01p_ccSQLPool01",
    "type": "Microsoft.Synapse/workspaces/linkedservices",
    "properties": {
        "annotations": [],
        "type": "AzureSqlDW",
        "typeProperties": {
            "connectionString": "Integrated Security=False;Encrypt=True;Connection Timeout=30;Data Source=ccuse2synapse01p.sql.azuresynapse.net;Initial Catalog=ccSQLpool01"
        },
        "connectVia": {
            "referenceName": "Synapse-SHIR",
            "type": "IntegrationRuntimeReference"
        }
    }
}