{
    "name": "SQLMI_HANASLT",
    "type": "Microsoft.Synapse/workspaces/linkedservices",
    "properties": {
        "annotations": [],
        "type": "AzureSqlMI",
        "typeProperties": {
            "connectionString": "Integrated Security=False;Encrypt=True;Connection Timeout=30;Data Source=ccuse2sqlmi02p.ad3932819258.database.windows.net;Initial Catalog=HANAPRODSLT;User ID=HanaSLT_ADFLoad",
            "password": {
                "type": "AzureKeyVaultSecret",
                "store": {
                    "referenceName": "AzureKeyVault_ccuse2ADFSQLKeyvault",
                    "type": "LinkedServiceReference"
                },
                "secretName": "HanaSLT-ADFLoad-pwd"
            }
        },
        "connectVia": {
            "referenceName": "Synapse-SHIR",
            "type": "IntegrationRuntimeReference"
        }
    }
}