{
    "now": "2023-09-25T13:30:26.752Z",
    "perfNow": 31318659.5,
    "diagnosticCorrelation": "0141b78d-2dec-4c97-8901-d33a9b65c1d5",
    "source": "DownloadSupportFiles",
    "environment": {
        "productName": "a365",
        "buildVersion": "23.0906.08",
        "environmentType": 9,
        "resourceName": "ccuse2synapse01p",
        "resourceRegion": "eastus2",
        "resourceGroup": "cc-use2-synapse-resourcegroup",
        "subscriptionId": "8036e4f6-6f12-4024-9afb-03d101dc63b0",
        "sessionId": "qWq+D",
        "operationId": "8WTRG",
        "gitType": "live",
        "loggingKey": false
    },
    "additionalInfo": {
        "selectedResource": "Controller_SAPR3_CDC_01P",
        "selectedResourceType": "pipeline"
    }
}