{
    "name": "DS_01P_GENERIC_TABLE",
    "properties": {
        "linkedServiceName": {
            "referenceName": "ccuse2synapse01p_ccSQLPool01",
            "type": "LinkedServiceReference"
        },
        "parameters": {
            "TableName": {
                "type": "string",
                "defaultValue": "NA"
            },
            "SchemaName": {
                "type": "string",
                "defaultValue": "NA"
            }
        },
        "annotations": [],
        "type": "AzureSqlDWTable",
        "schema": [],
        "typeProperties": {
            "schema": {
                "value": "@dataset().SchemaName",
                "type": "Expression"
            },
            "table": {
                "value": "@dataset().TableName",
                "type": "Expression"
            }
        }
    },
    "type": "Microsoft.Synapse/workspaces/datasets"
}