{
    "name": "Dump_CDC_File",
    "properties": {
        "linkedServiceName": {
            "referenceName": "ADLS_Stg_CDCLoad",
            "type": "LinkedServiceReference"
        },
        "parameters": {
            "filename": {
                "type": "string"
            }
        },
        "annotations": [],
        "type": "DelimitedText",
        "typeProperties": {
            "location": {
                "type": "AzureBlobFSLocation",
                "fileName": {
                    "value": "@concat(dataset().filename,'.csv')",
                    "type": "Expression"
                },
                "folderPath": "staging",
                "fileSystem": "celonisprod"
            },
            "columnDelimiter": "|",
            "rowDelimiter": "\n",
            "escapeChar": "\"",
            "firstRowAsHeader": true,
            "quoteChar": "\""
        },
        "schema": []
    },
    "type": "Microsoft.Synapse/workspaces/datasets"
}