{
    "name": "DS_SYNAPSE01T",
    "properties": {
        "linkedServiceName": {
            "referenceName": "ccuscsynapse01t_ccSQLPool01",
            "type": "LinkedServiceReference"
        },
        "parameters": {
            "schemaname": {
                "type": "string",
                "defaultValue": "na"
            },
            "tablename": {
                "type": "string",
                "defaultValue": "na"
            }
        },
        "annotations": [],
        "type": "AzureSqlDWTable",
        "schema": [],
        "typeProperties": {
            "schema": {
                "value": "@dataset().schemaname",
                "type": "Expression"
            },
            "table": {
                "value": "@dataset().tablename",
                "type": "Expression"
            }
        }
    },
    "type": "Microsoft.Synapse/workspaces/datasets"
}